Paper_ID,Document Title,Authors,Publication Year,PDF Link,Publisher,Screening Status,Reason,
PID-001,A case study of Augmented Reality simulation system application in a chemistry course,"Cai, Su; Wang, Xu; Chiang, Feng-Kuang; ",2014,,Elsevier,Excluded - Phase 1,Published before 2020,
PID-002,A Combinatorial Approach to Explaining Image Classifiers,J. Chandrasekaran; Y. Lei; R. Kacker; D. Richard Kuhn,2021,https://ieeexplore.ieee.org/stamp/stamp.jsp?arnumber=9440187,IEEE,Ex - Phase 3,Excluded based on title: Irrelevant domain,
PID-003,A Comprehensive Decomposition towards the Facets of Quality in IoT,A. Chakraborty; R. Bagavathi; U. Tomer,2020,https://ieeexplore.ieee.org/stamp/stamp.jsp?arnumber=9215428,IEEE,Ex - Phase 3,Excluded based on title: Irrelevant domain,
PID-004,A Data Driven Approach to Software Quality Estimation Using Modern Machine Learning Techniques,S. S. Sai Priyanka; B. P. Goud; M. Pandita; K. P. Kumar; P. Sahith; J. Shiva,2025,https://ieeexplore.ieee.org/stamp/stamp.jsp?arnumber=11167139,IEEE,Ex - Phase 4,"Ex based on abstract: Focuses on legacy machine learning for quality estimation, lacking autonomous agentic frameworks.",
PID-005,A Decade of Progress: A Systematic Literature Review on the Integration of AI in Software Engineering Phases and Activities (2013-2023),U. K. Durrani; M. Akpinar; M. Fatih Adak; A. Talha Kabakus; M. Maruf Ă–ztĂĽrk; M. Saleh,2024,https://ieeexplore.ieee.org/stamp/stamp.jsp?arnumber=10740293,IEEE,Ex - Phase 4,Excluded based on abstract: Broad historical survey lacking specific extraction data on contemporary LLM-driven testing mechanisms.,
PID-006,A goal-driven software product line approach for evolving multi-agent systems in the Internet of Things,"Inmaculada Ayala
, Mercedes Amor
, Jose-Miguel Horcas
, Lidia Fuentes",2019,https://www.sciencedirect.com/science/article/pii/S0950705119303521,Science Direct,Excluded - Phase 1,Published before 2020,
PID-007,A Method and Experiment to evaluate Deep Neural Networks as Test Oracles for Scientific Software,V. A. de Santiago JĂşnior,2022,https://ieeexplore.ieee.org/stamp/stamp.jsp?arnumber=9796455,IEEE,Ex - Phase 4,Excluded based on abstract: Focuses on testing the DNNs themselves rather than utilizing AI agents to test software architectures.,
PID-008,Leveraging Conversational AI for Accelerating User-Driven Software Testing,"Aminata Sabané, Laura Plein & Tegawendé F. Bissyandé",2025,https://link.springer.com/chapter/10.1007/978-3-031-81573-7_6?_gl=1*7bsm14*_up*MQ..*_gs*MQ..,Springer,Ex - Phase 5,"Excluded based on access: Full-text manuscript is inaccessible via institutional repository, open-access databases, or preprint servers.",
PID-009,A methodology towards the adaptization of legacy systems using agent-oriented software engineering,"Francois Wavresky, Seok-Won Lee",2016,https://dl.acm.org/doi/10.1145/2851613.2851776,ACM,Excluded - Phase 1,Published before 2020,
PID-010,A multi-agent dynamic system for robust multi-face tracking,"Lada Maleš a
, 
Darijan Mar?eti? b
, Slobodan Ribari? ",2019,https://www.sciencedirect.com/science/article/pii/S0957417419301071,Science Direct,Excluded - Phase 1,Published before 2020,
PID-011,A Multi-Agent LLM Environment for Software Design and Refactoring: A Conceptual Framework,Vasanth Rajendran; Dinesh Besiahgari; Sachin C. Patil; Manjunath Chandrashekaraiah; Vishnu Challagulla,2025,https://ieeexplore.ieee.org/abstract/document/10971563,IEEE,Included - Final Corpus,Selected: discuss all RQs,
PID-012,A multi-agent model for planning hybrid software processes,"W?odzimierz Wysocki a
, 
Cezary Or?owski b",2019,A multi-agent model for planning hybrid software processes - ScienceDirect,Science Direct,Excluded - Phase 1,Published before 2020,
PID-013,A multi-agent system for sharing distributed manufacturing resources,"Kai Li a b
, 
Tao Zhou a
, 
Bo-hai Liu a
, 
Hui Li a",2018,A multi-agent system for sharing distributed manufacturing resources - ScienceDirect,Science Direct,Excluded - Phase 1,Published before 2020,
PID-014,A new real-time multi-agent system for under frequency load shedding in a smart grid context,"Athila Quaresma Santos a, Renato Machado Monaro b, Denis Vinicius Coury c, Mario Oleskovicz c",2019,A new real-time multi-agent system for under frequency load shedding in a smart grid context - ScienceDirect,Science Direct,Excluded - Phase 1,Published before 2020,
PID-015,A Software Framework for Remote Patient Monitoring by Using Multi-Agent Systems Support,"Chrystinne Oliveira Fernandes MSc 1, Carlos José Pereira De Lucena PhD 1",2017,A Software Framework for Remote Patient Monitoring by Using Multi-Agent Systems Support - ScienceDirect,Science Direct,Excluded - Phase 1,Published before 2020,
PID-016,Facilitating Trustworthy Human-Agent Collaboration in LLM-based Multi-Agent System oriented Software Engineering,Krishna Ronanki,2025,https://dl.acm.org/doi/10.1145/3696630.3728717,ACM,Ex - Phase 5,"Excluded based on access: Record constitutes a short paper, poster, or extended abstract lacking a full-length methodology for extraction.",
PID-017,A Systematic Review of Software Testing Using Evolutionary Techniques,Deepti Bala MishraRajashree MishraKedar Nath DasArup Abhinna Acharya,2017,https://link.springer.com/chapter/10.1007/978-981-10-3322-3_16,Springer,Excluded - Phase 1,Published before 2020,
PID-018,A tale of lock-free agents: towards Software Transactional Memory in parallel Agent-Based Simulation,Jonathan ThalerPeer-Olaf Siebers,2019,https://link.springer.com/article/10.1186/s40294-019-0067-9,,Excluded - Phase 1,Published before 2020,
PID-019,Accessible Smart Contracts Verification: Synthesizing Formal Models with Tamed LLMs,J. Corazza; I. Gavran; G. Moreira; D. Neider,2025,https://ieeexplore.ieee.org/stamp/stamp.jsp?arnumber=10989026,IEEE,Ex - Phase 3,Ex based on title: irrelevant domain,
PID-020,Adaptive event driven framework for real time multi-agent missions,"J. A. Bonache-Seco, J. A. Lopez-Orozco, Eva Besada Portas, José L. Risco Martín",2018,https://dl.acm.org/doi/10.5555/3330299.3330333,ACM,Excluded - Phase 1,Published before 2020,
PID-021,Adaptive ICT-based evaluation system in teaching and learning process,K. Ă‰va; E. Nagy; G. MolnĂˇr,2023,https://ieeexplore.ieee.org/stamp/stamp.jsp?arnumber=10297735,IEEE,Ex - Phase 3,Excluded based on title: Irrelevant domain,
PID-022,Adaptive Multi-Agent AI Framework for Real-Time Energy Optimization and Context-Aware Code Review in Software Development,T Sharanarthi,2025,https://ieeexplore.ieee.org/abstract/document/11066037,IEEE conf,Included - Final Corpus,Selected: discuss all RQs,
PID-023,Large Language Model Supply Chain: Open Problems From the Security Perspective,"Qiang Hu, Xiaofei Xie, Sen Chen, Lili Quan, Lei Ma",2025,https://dl.acm.org/doi/10.1145/3713081.3731747,ACM,Ex - Phase 5,"Excluded based on access: Record constitutes a short paper, lack of methodology",
PID-024,Advances and Challenges in Deep Learning for Automated Welding Defect Detection: A Technical Survey,A. Mohammed; M. Hussain,2025,https://ieeexplore.ieee.org/stamp/stamp.jsp?arnumber=11016031,IEEE,Ex - Phase 3,"Excluded based on title: Focuses on hardware, network, or physical infrastructure testing rather than software lifecycle testing.",
PID-025,Agent Based Modelling and Simulation tools: A review of the state-of-art software,"Abar, Sameera; Theodoropoulos, Georgios K; Lemarinier, Pierre; O’Hare, Gregory MP; ",2017,,Elsevier,Excluded - Phase 1,Published before 2020,
PID-026,Agent based regression testing framework,P. K. Arora; R. Bhatia,2014,https://ieeexplore.ieee.org/stamp/stamp.jsp?arnumber=6884951,IEEE,Excluded - Phase 1,Published before 2020,
PID-027,Agent oriented software engineering: a comparative study between methodologies that support the development of multi-agent systems,"Rafhael Cunha, Diana Adamatti, Cléo Billa",2015,https://dl.acm.org/doi/10.1145/2857218.2857226,ACM,Excluded - Phase 1,Published before 2020,
PID-028,Toward Data Systems That Are Business Semantic Centric and AI Agents Assisted,Cecil Pang,2025,https://arxiv.org/abs/2506.05520,arxiv,Ex- Phase  2,Duplicate record across databases,
PID-029,Agent-based Self-regulated Learning Simulation Adopting the Concept of GUSC Model,S. Ismail; S. H. Shaikh Ali; M. H. Abu Bakar,2018,https://ieeexplore.ieee.org/stamp/stamp.jsp?arnumber=8540556,IEEE,Excluded - Phase 1,Published before 2020,
PID-030,Agentic AI Software Engineers: Programming with Trust,S. Ismail; S. H. Shaikh Ali; M. H. Abu Bakar,2025,https://arxiv.org/abs/2502.13767,,Ex- Phase  2,Duplicate record across databases,
PID-031,Agentic AI Software Engineers: Programming with Trust,"A Roychoudhury, C P?s?reanu, M Pradel",2025,https://dl.acm.org/doi/full/10.1145/3769314,ACM,Included - Final Corpus,Selected: discuss all RQs,
PID-032,AI Adoption for Collaboration: Factors Influencing Inclusive Learning Adoption in Higher Education,I. Youssef Alyoussef; A. Mohammed Drwish; F. Adel Albakheet; R. Hassan Alhajhoj; A. Ahmed Al-Mousa,2025,https://ieeexplore.ieee.org/stamp/stamp.jsp?arnumber=10990145,IEEE,Ex - Phase 3,Excluded based on title: Pedagogical or sociological study lacking technical software testing focus.,
PID-033,SEGym: Optimizing Large Language Model Assisted Software Engineering Agents with Reinforcement Learning,"Gerhard Stenzel, Kyrill Schmid, Michael Kölle, Philipp Altmann, Marian Lingsch-Rosenfeld, Maximilian Zorn, Tim Bücher, Thomas Gabor, Martin Wirsing & Lenz Belzner ",2024,https://link.springer.com/chapter/10.1007/978-3-031-75434-0_8?_gl=1*1l12zm8*_up*MQ..*_gs*MQ..&gclid=CjwKCAjw6MPRBhBTEiwAd-7MrwhLYmK6jozAGSNuwcFyRjwIwR2RNc2_Ec2FkuX6UkighuAW5NVzdRoCNwoQAvD_BwE&gbraid=0AAAAADu685Op7PP3xkNgkuexpOwr1vQd-,Springer,Ex - Phase 5,"Excluded based on access: Full-text manuscript is inaccessible via institutional repository, open-access databases, or preprint servers.",
PID-034,AI for Testing Today and Tomorrow: Industry Perspectives,T. M. King; J. Arbon; D. Santiago; D. Adamo; W. Chin; R. Shanmugam,2019,https://ieeexplore.ieee.org/stamp/stamp.jsp?arnumber=8718229,IEEE,Excluded - Phase 1,Published before 2020,
PID-035,Automated Test Case Generation for Software Testing Using Generative AI,"Ajay Bandi, Harsha Sai Teja Nukala, Bhavya Tatavarthi & Amulya Boggavarapu ",2025,https://link.springer.com/chapter/10.1007/978-3-031-92178-0_7?,Springer,Ex - Phase 5,Excluded based on access: paid,
PID-036,Embedding Traceability in Large Language Model Code Generation: Towards Trustworthy AI-Augmented Software Engineering,"Fei Wang, XueFeng Xi, ZhiMing Cui, Huan Dai, XinYu Wang",2025,https://dl.acm.org/doi/10.1145/3696630.3730569,ACM,Ex - Phase 5,"Excluded based on access: Record constitutes a short paper, poster, or extended abstract lacking a full-length methodology for extraction.",
PID-037,A Generative AI Based Architecture for Data Seeding in Software Testing,"Itamir de Morais Barroca Filho, Ramon Santos Malaquias, Jean Mário Moreira de Lima, André Morais Gurgel, Ney Pimentel Targino de Oliveira, Murilo Henrique Dantas de Oliveira Bezerra, Gabriel Paes Landim Lucena & Vinicius Oliveira da Silva ",2025,,Springer,Ex - Phase 5,"Excluded based on access: Full-text manuscript is inaccessible via institutional repository, open-access databases",
PID-038,AI in the Software Development Lifecycle: Insights and Open Research Questions,"Everton Guimaraes, Nathalia Nascimento",2025,https://dl.acm.org/doi/10.1145/3696630.3730538,ACM,Ex - Phase 5,"Excluded based on access: Record constitutes a short paper/companion abstract, lacking full methodological depth.",
PID-039,"AI-Based Program Slicing: Techniques, Tools, and Comparative Analysis",M. Abdallah; A. Ngah; A. Al-Rahamneh; D. Staegmann,2025,https://ieeexplore.ieee.org/stamp/stamp.jsp?arnumber=11049230,IEEE,Ex- Phase 6,"Excluded based on full text: Lacks specific HITL, trust, or autonomous multi-agent testing mechanisms.",
PID-040,AI-based Question Answering Assistance for Analyzing Natural-language Requirements,S. Ezzini; S. Abualhaija; C. Arora; M. Sabetzadeh,2023,https://ieeexplore.ieee.org/stamp/stamp.jsp?arnumber=10172663,IEEE,Ex - Phase 3,Excluded based on title: Irrelevant domain,
PID-041,AI-Driven Multi-Agent System for Real-Time Security Analysis of Software Releases,S Fedorov,2025,https://ieeexplore.ieee.org/abstract/document/11172929,IEEE conf,Included - Final Corpus,Selected: discuss all RQs,
PID-042,AI-Driven Real-Time Defect Detection for Paper Production: A Scalable Smart Manufacturing Approach,B. Batibay; O. Can,2025,https://ieeexplore.ieee.org/stamp/stamp.jsp?arnumber=11166149,IEEE,Ex - Phase 3,"Excluded based on title: Irrelevant domain (Focuses on physical sciences, healthcare, or non-software engineering fields).",
PID-043,AI-Driven Self-Healing in Test Automation: A Review of Autonomous Quality Assurance,S. Abhichandani; N. R. T. Vadrevu; V. Bagmar,2025,https://ieeexplore.ieee.org/stamp/stamp.jsp?arnumber=11069937,IEEE,Ex- Phase 6,Excluded based on full text: Lacks specific multi agents,
PID-044,"AI-Driven Software Test Automation: An AI4SE-Oriented Survey of Techniques, Tools, and Challenges",A. Faraji; N. Pombo,2025,https://ieeexplore.ieee.org/stamp/stamp.jsp?arnumber=11208623,IEEE,Included - Final Corpus,Selected: discuss all RQs,
PID-045,AI-Powered Framework for Enhancing Examination Integrity Through Intelligent Question Paper Scrutinization,N. M. Prabhu; D. Reena; A. S. Kumar; K. Venkatesh; J. Selvarani; P. M. Selsia,2025,https://ieeexplore.ieee.org/stamp/stamp.jsp?arnumber=11053100,IEEE,Ex - Phase 3,excluded based on title: irrelevant domain,
PID-046,AI-Powered Motion Analysis in Physical Education: GANs and Bayesian Approaches,D. K. Reddy Basani; R. Lakshmi Gudivaka; S. H. Grandhi; B. Ramanjaneyulu Gudivaka; R. K. Gudivaka; M. M. Kamruzzaman,2025,https://ieeexplore.ieee.org/stamp/stamp.jsp?arnumber=11071118,IEEE,Ex - Phase 3,Excluded based on title: irreleveant domain,
PID-047,AI-powered software testing tools: A systematic review and empirical assessment of their features and limitations ,"V Garousi, N Joy, Z Jafarov, AB Kele?, S De?irmenci, E Özdemir, R Zarringhalami",2024,https://arxiv.org/abs/2409.00411,arix,Included - Final Corpus,Selected: discuss all RQs,
PID-048,ALGPT: Multi-Agent Cooperative Framework for Open-Vocabulary Multi-Modal Auto-Annotating in Autonomous Driving,Yijie Zhou; Xianhui Cheng; Qiming Zhang; Lei Wang; Wenchao Ding; Xiangyang Xue,2024,https://ieeexplore.ieee.org/abstract/document/10681241,IEEE,Included - Final Corpus,Selected: discuss all RQs,
PID-049,ALGPT: Multi-Agent Cooperative Framework for Open-Vocabulary Multi-Modal Auto-Annotating in Autonomous Driving,Yijie Zhou; Xianhui Cheng; Qiming Zhang; Lei Wang; Wenchao Ding; Xiangyang Xue,2024,,arxiv,Ex- Phase  2,Duplicate record across databases,
PID-050,An Agency-Directed Approach to Test Generation for Simulation-based Autonomous Vehicle Verification,G. Chance; A. Ghobrial; S. Lemaignan; T. Pipe; K. Eder,2020,https://ieeexplore.ieee.org/stamp/stamp.jsp?arnumber=9176833,IEEE,Ex- Phase 6,excluded based on full text: Focuses on testing autonomous vehicle models rather than agentic or LLM-driven software testing workflows.,
PID-051,An agent-based approach for crowdsourcing software design,H. Li; L. -Y. Hao; X. Ge; J. Gao; S. Guo,2016,https://ieeexplore.ieee.org/stamp/stamp.jsp?arnumber=7531795,IEEE,Excluded - Phase 1,Published before 2020,
PID-052,An approach to debug interactions in multi-agent system software tests,"Serrano, Emilio; Muńoz, Andres; Botia, Juan; ",2012,,Elsevier,Excluded - Phase 1,Published before 2020,
PID-053,An Empirical Comparison of Model-Agnostic Techniques for Defect Prediction Models,G. Lee; S. U. -J. Lee,2023,https://ieeexplore.ieee.org/stamp/stamp.jsp?arnumber=10123486,IEEE,Ex - Phase 3,Ex based on title: irrelevant domain,
PID-054,An Empirical Study on Low- and High-Level Explanations of Deep Learning Misbehaviours,T. Zohdinasab; V. Riccio; P. Tonella,2023,https://ieeexplore.ieee.org/stamp/stamp.jsp?arnumber=10304866,IEEE,Ex - Phase 3,Ex based on title: irrelevant domain,
PID-055,An Interrogative Survey of Explainable AI in Manufacturing,Z. Alexander; D. H. Chau; C. SaldaĂ±a,2024,https://ieeexplore.ieee.org/stamp/stamp.jsp?arnumber=10449717,IEEE,Ex - Phase 3,Ex based on title: irrelevant domain,
PID-056,An Optimized Pipeline for the Processing of Healthcare Data towards the Creation of Holistic Health Records,G. Manias; E. Kouremenou; A. A. AlzĂşaz; P. Kranas; F. Melillo; D. Kyriazis,2023,https://ieeexplore.ieee.org/stamp/stamp.jsp?arnumber=10438686,IEEE,Ex - Phase 3,Ex based on title: irrelevant domain,
PID-057,An Overview of GPT-4's Characteristics through the Lens of 10V's of Big Data,O. M. Alyasiri; D. Akhtom; M. N. Alrasheedy,2023,https://ieeexplore.ieee.org/stamp/stamp.jsp?arnumber=10429032,IEEE,Ex- Phase 6,Excluded based on full text: High-level overview of GPT?4 without a concrete software testing or trust-evaluation methodology.,
PID-058,Approach Towards Semi-Automated Certification of Low Criticality ML-Enabled Airborne Applications,C. Sridhar; V. Gupta; P. Jain; K. Vaidhyanathan,2025,https://ieeexplore.ieee.org/stamp/stamp.jsp?arnumber=11030061,IEEE,Ex - Phase 3,Ex based on title: irrelevant domain,
PID-059,Are mutants a valid substitute for real faults in software testing?,"Just, René; Jalali, Darioush; Inozemtseva, Laura; Ernst, Michael D; Holmes, Reid; Fraser, Gordon; ",2014,,IEEE conf,Excluded - Phase 1,Published before 2020,
PID-060,Are We Keeping up With the Innovation in Generative AI?,S. Eldh,2024,https://ieeexplore.ieee.org/stamp/stamp.jsp?arnumber=10705654,IEEE,Ex- Phase 6,"Excluded based on full text: Lacks specific trust, governance, or autonomous multi-agent mechanisms (General SE tool).",
PID-061,Are You a Real Software Engineer? Best Practices in Online Recruitment for Software Engineering Studies,A. Alami; M. Zahedi; N. Ernst,2024,https://ieeexplore.ieee.org/stamp/stamp.jsp?arnumber=10707615,IEEE,Ex - Phase 3,Ex based on title: irrelevant domain,
PID-062,Artificial Intelligence in Industry 4.0: A Review of Integration Challenges for Industrial Systems,A. Windmann; P. Wittenberg; M. Schieseck; O. Niggemann,2024,https://ieeexplore.ieee.org/stamp/stamp.jsp?arnumber=10774364,IEEE,Ex - Phase 3,Ex based on title: irrelevant domain,
PID-063,Artificial Intelligence in the Public Sector - An Agenda for Responsible Innovation through Learning,L. Z. Knutsen; J. Hannay; M. A. Riegler,2024,https://ieeexplore.ieee.org/stamp/stamp.jsp?arnumber=10653695,IEEE,Ex - Phase 3,Ex based on title: irrelevant domain,
PID-064,Artificial Moral Agents: A Survey of the Current Status,JosĂ©-Antonio CervantesSonia LĂłpezLuis-Felipe RodrĂ­guezSalvador CervantesFrancisco CervantesFĂ©lix Ramos,2019,https://link.springer.com/article/10.1007/s11948-019-00151-x,,Excluded - Phase 1,Published before 2020,
PID-065,Automated software testing for application maintenance by using bee colony optimization algorithms (BCO),K. Karnavel; J. Santhoshkumar,2013,https://ieeexplore.ieee.org/stamp/stamp.jsp?arnumber=6508211,IEEE,Excluded - Phase 1,Published before 2020,
PID-066,Boosting Supply Chain Transparency with Blockchain and Smart Contracts,R. Kumar; V. Mangaiyarkarasi; G. Ramesh; S. Arvind; M. H. Fallah; N. M,2024,https://ieeexplore.ieee.org/stamp/stamp.jsp?arnumber=10923137,IEEE,Ex - Phase 3,Ex based on title: irrelevant domain,
PID-067,Business Management Transformation Through the Influence of Artificial Intelligence,M. Prorok; I. TakĂˇcs,2024,https://ieeexplore.ieee.org/stamp/stamp.jsp?arnumber=10737615,IEEE,Ex - Phase 4,Excluded based on abstract: Focuses entirely on business management,
PID-068,The Impact of Generative AI on Test & Evaluation: Challenges and Opportunities,"Laura Freeman, John Robert, Heather Wojton",2025,https://dl.acm.org/doi/10.1145/3696630.3728723,ACM,Ex - Phase 5,Excluded based on access:  lacking full methodological depth.,
PID-069,Cases for Explainable Software Systems: Characteristics and Examples,"M Sadeghi, V Klös, A Vogelsang",2021,https://ieeexplore.ieee.org/abstract/document/9582300,ieee,Included - Final Corpus,Selected: discuss all RQs,
PID-070,Centralized Smart Service Hub,J. J. Sardesai; P. K. Sonwalkar; R. P. Sakhare; A. R. Khot; D. C. Hadimani,2025,https://ieeexplore.ieee.org/stamp/stamp.jsp?arnumber=11140818,IEEE,Ex - Phase 3,Ex based on title: irrelevant domain,
PID-071,Challenges of Assured Autonomy,D. R. Kuhn,2024,https://ieeexplore.ieee.org/stamp/stamp.jsp?arnumber=10453408,IEEE,Ex- Phase 6,Excluded based on full text: Conceptual discussion of autonomy assurance without an implementable software testing or trust evaluation framework.,
PID-072,Challenges to Using Large Language Models in Code Generation and Repair,L. Pasquale; A. Sabetta; M. dâ€™Amorim; P. HegedĹ±s; M. T. Mirakhorli; H. Okhravi; M. Payer; A. Rashid; J. C. S. Santos; J. M. Spring; L. Tan; K. Tuma,2025,https://ieeexplore.ieee.org/stamp/stamp.jsp?arnumber=10942512,IEEE,Ex- Phase 6,"Excluded based on full text: Discusses LLM use in code generation/repair but lacks explicit trust, governance, or multi-agent testing mechanisms.",
PID-073,Chip Analysis for Tool Wear Monitoring in Machining: A Deep Learning Approach,A. Ur Rehman; T. Salwa Rabbi Nishat; M. Uddin Ahmed; S. Begum; A. Ranjan,2024,https://ieeexplore.ieee.org/stamp/stamp.jsp?arnumber=10636165,IEEE,Ex - Phase 3,Ex based on title: irrelevant domain,
PID-074,Collaborative Multi-Agent Reinforcement Learning Approach for Elastic Cloud Resource Scaling,B. Fang; D. Gao,2025,https://ieeexplore.ieee.org/stamp/stamp.jsp?arnumber=11137847,IEEE,Ex- Phase 6,"Excluded based on full text: Multi?agent RL for resource scaling,lack of quality assurance study.",
PID-075,Combinatorial Methods for Explainable AI,D. R. Kuhn; R. N. Kacker; Y. Lei; D. E. Simos,2020,https://ieeexplore.ieee.org/stamp/stamp.jsp?arnumber=9155831,IEEE,Ex- Phase 6,Excluded based on full text: Evaluates XAI techniques for AI models rather than using AI agents to test software systems.,
PID-076,Comparing Apples and Oranges: Comparability problems caused by intransparent Data Cleansing for AI Applications,S. Tjoa; P. Kieseberg; M. Temper; A. Holzinger,2022,https://ieeexplore.ieee.org/stamp/stamp.jsp?arnumber=10145155,IEEE,Ex - Phase 3,Ex based on title: irrelevant domain,
PID-077,Comparing the Adaptability of a Genetic Algorithm and an LLM-Based Framework for Automated Software Test Data Generation: In the Context of Web Applications,S. Wanigasekara; D. Asanka; C. Rajapakse; D. Wickramaarachchi; A. Wijesinghe,2024,https://ieeexplore.ieee.org/stamp/stamp.jsp?arnumber=10910287,IEEE,Ex- Phase 6,"Excluded based on full text: Targets test data generation but lacks explicit trust, governance, or human-in-the-loop testing signals.",
PID-078,Comprehensive Study on Integrating AI-Powered Threat Intelligence Using Large Language Models,"P Nishith, SA Ratnam, S Bhaskaran",2025,https://ieeexplore.ieee.org/abstract/document/11063731,IEEE conf,Included - Final Corpus,Selected: discuss all RQs,
PID-079,Consensus of linear multi-agent systems by distributed event-triggered strategy,"Hu, Wenfeng; Liu, Lu; Feng, Gang; ",2015,,IEEE,Excluded - Phase 1,Published before 2020,
PID-080,Continuous Quality Assurance and ML Pipelines under the AI Act,M. Wagner,2024,https://ieeexplore.ieee.org/stamp/stamp.jsp?arnumber=10556341,IEEE,Ex- Phase 6,Excluded based on full text: Regulatory and process-focused discussion without a concrete agentic or LLM-based testing architecture.,
PID-081,Coordinating occupant behavior for building energy and comfort management using multi-agent systems,"Klein, Laura; Kwak, Jun-young; Kavulya, Geoffrey; Jazizadeh, Farrokh; Becerik-Gerber, Burcin; Varakantham, Pradeep; Tambe, Milind; ",2012,,Elsevier,Excluded - Phase 1,Published before 2020,
PID-082,Deep Industry Use Cases on Context-Aware Adaptive Mobile Systems Experience Testing,M. Yalla; M. Venkata Raman; M. Fernandes,2023,https://ieeexplore.ieee.org/stamp/stamp.jsp?arnumber=10132292,IEEE,Ex - Phase 3,Excluded based on title: Out of scope AI paradigm (Focuses on traditional ML/Deep Learning rather than Agentic Systems or LLMs).,
PID-083,Deep Reinforcement Learning,M Krichen,2023,https://ieeexplore.ieee.org/abstract/document/10306453,IEEE conf,Included - Final Corpus,Selected: discuss all RQs,
PID-084,DeepLineDP: Towards a Deep Learning Approach for Line-Level Defect Prediction,C. Pornprasit; C. K. Tantithamthavorn,2023,https://ieeexplore.ieee.org/stamp/stamp.jsp?arnumber=9689967,IEEE,Ex- Phase 6,Excluded based on full text: Focuses on defect prediction model performance rather than trust-aware or agentic testing workflows.,
PID-085,Deeptest: Automated testing of deep-neural-network-driven autonomous cars,"Tian, Yuchi; Pei, Kexin; Jana, Suman; Ray, Baishakhi; ",2018,,Proceeding,Excluded - Phase 1,Published before 2020,
PID-086,Deepxplore: Automated whitebox testing of deep learning systems,"Pei, Kexin; Cao, Yinzhi; Yang, Junfeng; Jana, Suman; ",2017,,Proceeding,Excluded - Phase 1,Published before 2020,
PID-087,Defects4J: A database of existing faults to enable controlled testing studies for Java programs,"Just, René; Jalali, Darioush; Ernst, Michael D; ",2014,,IEEE conf,Excluded - Phase 1,Published before 2020,
PID-088,Design and Implementation of an AI-Based Enterprise Mobile Platform Automated Testing System,R. Liang; H. Wang; S. Gao; J. Chen,2024,https://ieeexplore.ieee.org/stamp/stamp.jsp?arnumber=10878667,IEEE,Ex- Phase 6,"Excluded based on full text: AI-assisted test automation system that does not introduce explicit trust, governance, or multi-agent orchestration.",
PID-089,Detecting Operational Adversarial Examples for Reliable Deep Learning,X. Zhao; W. Huang; S. Schewe; Y. Dong; X. Huang,2021,https://ieeexplore.ieee.org/stamp/stamp.jsp?arnumber=9525540,IEEE,Ex- Phase 6,"Excluded based on full text: Evaluates robustness of deep learning models, not agentic testing agents.",
PID-090,DevCoach: Supporting Students Learning the Software Development Life Cycle with a Generative AI Powered Multi-Agent System,"T Wang, M Trimble, C Brown",2025,https://dl.acm.org/doi/abs/10.1145/3696630.3727255,ACM,Included - Final Corpus,Selected: discuss all RQs,
PID-091,Developing and Evaluating a Model-Based Metric for Legal Question Answering Systems,D. Bakir; B. Yildiz; M. S. Aktas,2023,https://ieeexplore.ieee.org/stamp/stamp.jsp?arnumber=10386689,IEEE,Ex- Phase 6,Excluded based on full text: Metric for legal QA systems outside the software testing and agentic-testing scope.,
PID-092,Development of Intelligent Virtual Assistant for Software Testing Team,I. Itkin; A. Novikov; R. Yavorskiy,2019,https://ieeexplore.ieee.org/stamp/stamp.jsp?arnumber=8859438,IEEE,Excluded - Phase 1,Published before 2020,
PID-093,Distributed formation control of networked multi-agent systems using a dynamic event-triggered communication mechanism,"Ge, Xiaohua; Han, Qing-Long; ",2017,,IEEE,Excluded - Phase 1,Published before 2020,
PID-094,Enhanced Bug Detection in Compiler Logs Using Stacking and Explainable AI Techniques,A. J. Tripathy; S. S. Rao; S. Ashwani; K. C. R.,2024,https://ieeexplore.ieee.org/stamp/stamp.jsp?arnumber=10924112,IEEE,Ex- Phase 6,Excluded based on full text: Uses ML/XAI to detect bugs in logs but does not define a trust-centred framework.,
PID-095,Enhancing Data Governance through Data-Centric AI: Case Study in New Zealand Government Sector,A. X. Wang; C. R. Simpson; B. P. Nguyen,2024,https://ieeexplore.ieee.org/stamp/stamp.jsp?arnumber=10569739,IEEE,Ex- Phase 6,Excluded based on full text: Data-governance case study without a software testing or agentic QA focus.,
PID-096,Enhancing Multi-agent System Testing with Diversity-Guided,"X Ma, Y Wang, J Wang, X Xie, B Wu, S Li, F Xu, Q Wang",2024,https://dl.acm.org/doi/abs/10.1145/3650212.3680376,ACM,Included - Final Corpus,Selected: discuss all RQs,
PID-097,Ensemble Learning-Based Seizure Classification with Quality Assurance and Regulatory Alignment in AI-Driven Healthcare,Q. Khan; P. Keikhosrokiani,2025,https://ieeexplore.ieee.org/stamp/stamp.jsp?arnumber=11050464,IEEE,Ex - Phase 3,Ex based on title: irrelevant domain,
PID-098,Ensuring Dependability at the Scale of AWS,N. Kicillof; S. Yalovitser,2025,https://ieeexplore.ieee.org/stamp/stamp.jsp?arnumber=10994824,IEEE,Ex - Phase 3,Ex based on title: irrelevant domain,
PID-099,Establishing Trust in AI-Driven Data Observability and Quality Control: A Framework for Reliable and Scalable Standards,B. Banitalebi; S. V. Anusha Dwivedula,2025,https://ieeexplore.ieee.org/stamp/stamp.jsp?arnumber=11050490,IEEE,Included - Final Corpus,Covers all RQs,
PID-100,Ethical Challenges and Frameworks in AI-Driven Software Development and Testing,A. Donvir; G. Sharma,2025,https://ieeexplore.ieee.org/stamp/stamp.jsp?arnumber=10903892,IEEE,Ex- Phase 6,Excluded based on full text: doesnot cover all RQs,
PID-101,"Evaluating AI-Based Unit Testing Tools: A Focus on Usability, Reliability, and Integration",H. Aarifeen; D. Wickramaarachchi,2025,https://ieeexplore.ieee.org/stamp/stamp.jsp?arnumber=10963099,IEEE,Ex- Phase 6,"Excluded based on full text: Evaluates AI testing tools but does not operationalize trust, governance, or autonomous multi-agent oversight.",
PID-102,Evaluating Machine Learning Based Automatic Quality Assurance of Magnetic Resonance Images in Healthcare System,K. Patel; S. Gupta,2024,https://ieeexplore.ieee.org/stamp/stamp.jsp?arnumber=10912290,IEEE,Ex - Phase 3,Ex based on title: irrelevant domain,
PID-103,Evaluating the Robustness of Uncertainty Quantification-Based Misbehavior Predictors for Autonomous Driving Systems: A Case Study,X. Wu; Q. Hu; T. Tsuchiya; M. Hayashi; M. Okada; L. Ma; J. Zhao,2025,https://ieeexplore.ieee.org/stamp/stamp.jsp?arnumber=11051227,IEEE,Ex- Phase 6,"Excluded based on full text: Studies safety, misbehavior predictors for AVs rather than agentic or LLM-driven software testing workflows.",
PID-104,Evaluation of Deep Neural Network Quality by CleanAI Coverage Metrics Library,A. H. Ayubi; F. Taskin; O. Caglar; S. Asik; C. Baglum; U. Yayan,2023,https://ieeexplore.ieee.org/stamp/stamp.jsp?arnumber=10310324,IEEE,Ex- Phase 6,"Excluded based on full text: Proposes coverage metrics for DNNs, not for software or agentic testing processes.",
PID-105,Explainable AI for Safe and Trustworthy Autonomous Driving: A Systematic Review,"A Kuznietsov, B Gyevnar, C Wang, S Peters, SV Albrecht",2024,https://ieeexplore.ieee.org/abstract/document/10716567,Ieee,Included - Final Corpus,Selected: discuss all RQs,
PID-106,Explainable AI for Safe and Trustworthy Autonomous Driving: A Systematic Review,"A Kuznietsov, B Gyevnar, C Wang, S Peters, SV Albrecht",2024,https://arxiv.org/abs/2402.10086,arxiv,Ex- Phase  2,Duplicate record across databases,
PID-107,An Application of AI for Online Estimation of the Impact of Imperfections in Additive Manufactured Components,"Denise Holfeld, Franziska Theurich, André Rauschert, Gregor Neumann, Falk Hähnel & Johannes Markmiller ",2023,https://link.springer.com/chapter/10.1007/978-3-658-43705-3_12,Springer,Excluded - Phase 1,Ex based on language,
PID-108,Explainable exclusion in the life insurance using multi-label classifier,K. Van Nguyen; M. R. Islam; H. Huo; P. Tilocca; G. Xu,2023,https://ieeexplore.ieee.org/stamp/stamp.jsp?arnumber=10191171,IEEE,Ex - Phase 3,Ex based on title: irrelevant domain,
PID-109,"Exploration, Collaboration, and Applications in Multi-Agent Reinforcement Learning",J Chen,2025,https://dl.acm.org/doi/abs/10.1145/3712170.3712181,ACM,Included - Final Corpus,Selected: discuss all RQs,
PID-110,EXPRESS 2.0: An Intelligent Service Management Framework for AIoT Systems in the Edge,J. Xu; X. Liu; W. Pan; X. Li; A. Yao; Y. Yang,2023,https://ieeexplore.ieee.org/stamp/stamp.jsp?arnumber=10298474,IEEE,Ex - Phase 3,Ex based on title: irrelevant domain,
PID-111,Food Oil Quality and Usage Detection Using AI,S. Sanjay,2024,https://ieeexplore.ieee.org/stamp/stamp.jsp?arnumber=10543730,IEEE,Ex - Phase 3,Ex based on title: irrelevant domain,
PID-112,From Black Box to Open Book: An Emerging Transparency Imperative in Generative AI Codebases,N. Watson; M. Van Italie,2025,https://ieeexplore.ieee.org/stamp/stamp.jsp?arnumber=11050669,IEEE,Included - Final Corpus,Selected: discuss all RQs,
PID-113,"From LLMs to LLM-based Agents for Software Engineering: A Survey of Current, Challenges and Future","Haolin Jin, Linghan Huang, Haipeng Cai, Jun Yan, Bo Li, Huaming Chen",2025,https://arxiv.org/abs/2408.02479,arxiv,Included - Final Corpus,Selected: discuss all RQs,
PID-114,From Misuse to Mastery: Enhancing Code Generation with Knowledge-Driven AI Chaining,X. Ren; X. Ye; D. Zhao; Z. Xing; X. Yang,2023,https://ieeexplore.ieee.org/stamp/stamp.jsp?arnumber=10298349,IEEE,Ex- Phase 6,Excluded based on full text: Focuses on AI-assisted code generation rather than trust-centred or agentic software testing.,
PID-115,"Generative AI in Software Development: Challenges, Opportunities, and New Paradigms for Quality Assurance",F. Muratovic; D. Kearns-Manolatos; A. Alibage,2025,https://ieeexplore.ieee.org/stamp/stamp.jsp?arnumber=11052848,IEEE,Included - Final Corpus,Selected: discuss all RQs,
PID-116,Human–agent teaming for multirobot control: A review of human factors issues,"Chen, Jessie YC; Barnes, Michael J; ",2014,,IEEE,Excluded - Phase 1,Published before 2020,
PID-117,Human-AI Collaboration in Software Engineering: Lessons Learned from a Hands-On Workshop,M. Hamza; D. Siemon; M. A. Akbar; T. Rahman,2024,https://ieeexplore.ieee.org/stamp/stamp.jsp?arnumber=10653701,IEEE,Ex- Phase 6,Excluded based on full text: Experience report on human AI collaboration without a defined agentic testing.,
PID-118,Automated Squeak & Rattle Detection for Quality Assurance at Production,"Alexander Roy, Jan Baumann & Jürgen Ochs ",2023,https://link.springer.com/chapter/10.1007/978-3-658-46555-1_13,Springer,Excluded - Phase 1,Ex based on language,
PID-119,"Human-in-the-loop HVAC operations: A quantitative review on occupancy, comfort, and energy-efficiency dimensions","Wooyoung Jung a, Farrokh Jazizadeh ",2019,https://www.sciencedirect.com/science/article/pii/S030626191930073X,Science Direct,Excluded - Phase 1,Published before 2020,
PID-120,Human-In-the-Loop Software Development Agents,"Wannita Takerngsaksiri, Jirat Pasuksmit, Patanamon Thongtanunam, Chakkrit Tantithamthavorn, Ruixiong Zhang, Fan Jiang, Jing Li, Evan Cook, Kun Chen, Ming Wu",2025,https://arxiv.org/abs/2411.12924,arxiv,Ex- Phase  2,Duplicate record across databases,
PID-121,Human-In-The-Loop Software Development Agents,"Wannita Takerngsaksiri, Jirat Pasuksmit, Patanamon Thongtanunam, Chakkrit Tantithamthavorn, Ruixiong Zhang, Fan Jiang, Jing Li, Evan Cook, Kun Chen, Ming Wu",2025,https://ieeexplore.ieee.org/abstract/document/11121706,IEEE,Included - Final Corpus,Covers all RQs,
PID-122,Image-Based Game Quality Assurance Automation Process,J. -Y. Jeong; H. -Y. Lee; G. -E. Park; Z. Jin; J. -G. Kim; B. Seo; S. Kang,2024,https://ieeexplore.ieee.org/stamp/stamp.jsp?arnumber=10949533,IEEE,Ex - Phase 3,Ex based on title: irrelevant domain,
PID-123,Impact of Artificial Intelligence on Software Engineering Phases and Activities (2013â€“2024): A Quantitative Analysis Using Zero- Truncated Poisson Model,U. K. Durrani; M. Akpinar; H. Bektas; M. Saleh,2025,https://ieeexplore.ieee.org/stamp/stamp.jsp?arnumber=11016671,IEEE,Ex- Phase 6,"Excluded based on full text: lack of  agentic or LLM-driven software testing workflows.
",
PID-124,Improved Yield Prediction and Failure Analysis in Semiconductor Manufacturing with XGBoost and Shapley Additive exPlanations Models,S. Wang; Y. Chen,2024,https://ieeexplore.ieee.org/stamp/stamp.jsp?arnumber=10691196,IEEE,Ex - Phase 3,Ex based on title: irrelevant domain,
PID-125,Improving Safety of AI Systems,S. Suryanarayana; R. S. Sangwan; S. M. Srinivasan; Y. Badr,2024,https://ieeexplore.ieee.org/stamp/stamp.jsp?arnumber=10731573,IEEE,Included - Final Corpus,Selected: discuss all RQs,
PID-126,In Defence of Visual Analytics Systems: Replies to Critics,A. Wu; D. Deng; F. Cheng; Y. Wu; S. Liu; H. Qu,2023,https://ieeexplore.ieee.org/stamp/stamp.jsp?arnumber=9906559,IEEE,Ex - Phase 3,Ex based on title: irrelevant domain,
PID-127,Inception V3 Model-Based Approach for Detecting Defects on Steel Surfaces,G. U. Kiran; S. Gajula; A. Sravanthi; S. V; T. Veditha; D. V. Reddy,2024,https://ieeexplore.ieee.org/stamp/stamp.jsp?arnumber=10467368,IEEE,Ex - Phase 3,Ex based on title: irrelevant domain,
PID-128,Integrating human knowledge for explainable AI,"E Cappuccio, B Kathirgamanathan, S Rinzivillo, G Andrienko, N Andrienko",2025,https://link.springer.com/article/10.1007/s10994-025-06879-x,Springer,Included - Final Corpus,Selected: discuss all RQs,
PID-129,Integrating Reinforcement Learning with Multi-Agent Techniques for Adaptive Service Composition,"Hongbign Wang, Xin Chen, Qin Wu, Qi Yu, Xingguo Hu, Zibin Zheng, Athman Bouguettaya",2017,https://dl.acm.org/doi/10.1145/3058592,ACM,Excluded - Phase 1,Published before 2020,
PID-130,Intelligent Agents for Software Engineering: A Systematic Literature Review,"Haoyi Zhang, Huaijin Ran,Xunzhu Tang",2025,,ACM,Included - Final Corpus,Selected: discuss all RQs,
PID-131,Intelligent Agents: Multi-Agent Systems,"Alfredo Garro
, 
Max Mühlhäuser
, 
Andrea Tundis
, 
Matteo Baldoni
, 
Cristina Baroglio
, 
Federico Bergenti
, 
Paolo Torroni",2019,https://www.sciencedirect.com/science/chapter/referencework/abs/pii/B9780128096338203282,Science Direct,Excluded - Phase 1,Published before 2020,
PID-132,Interpretability/Explainability Applied to Machine Learning Software Defect Prediction: An Industrial Perspective,S. Stradowski; L. Madeyski,2025,https://ieeexplore.ieee.org/stamp/stamp.jsp?arnumber=10767722,IEEE,Included - Final Corpus,Selected: discuss all RQs,
PID-133,"JITLine: A Simpler, Better, Faster, Finer-grained Just-In-Time Defect Prediction",C. Pornprasit; C. K. Tantithamthavorn,2021,https://ieeexplore.ieee.org/stamp/stamp.jsp?arnumber=9463103,IEEE,Ex - Phase 3,Ex based on title: irrelevant domain,
PID-134,Knowledge-based multi-agent system for manufacturing problem solving process in production plants,"Alvaro Camarillo a b
, José Ríos b
Klaus-Dieter Althoff c d",2018,https://www.sciencedirect.com/science/article/pii/S0278612518300414,Science Direct,Excluded - Phase 1,Published before 2020,
PID-135,Large Language Models for Software Engineering: A Systematic Literature Review ,"Xinyi Hou, Yanjie Zhao, Yue Liu, Zhou Yang, Kailong Wang, Li Li, Xiapu Luo, David Lo, John Grundy, Haoyu Wang",2024,https://arxiv.org/abs/2308.10620,arxiv,Ex- Phase  2,Duplicate record across databases,
PID-136,Large Language Models for Software Engineering: A Systematic Literature Review ,"X Hou, Y Zhao, Y Liu, Z Yang, K Wang, L Li, X Luo, D Lo, J Grundy, H Wang",2024,https://dl.acm.org/doi/full/10.1145/3695988,ACM,Included - Final Corpus,Selected: discuss all RQs,
PID-137,Large Language Models for Software Engineering: Survey and Open Problems,A. Fan; B. Gokkaya; M. Harman; M. Lyubarskiy; S. Sengupta; S. Yoo; J. M. Zhang,2023,https://ieeexplore.ieee.org/stamp/stamp.jsp?arnumber=10449667,IEEE,Ex- Phase 6,Excluded based on full text: Broad survey that does not provide a dedicated empirical evaluation of agentic or trust-aware testing workflows.,
PID-138,Leveraging Large Language Models in Software Testing: A Review of Applications and Challenges,A. Sezgin; G. Ă–zkan; E. CoĹźgun,2025,https://ieeexplore.ieee.org/stamp/stamp.jsp?arnumber=11011986,IEEE,Included - Final Corpus,Selected: discuss all RQs,
PID-139,Leveraging Large Vision-Language Model for Better Automatic Web GUI Testing,S. Wang; S. Wang; Y. Fan; X. Li; Y. Liu,2024,https://ieeexplore.ieee.org/stamp/stamp.jsp?arnumber=10795054,IEEE,Ex- Phase 6,"Excluded based on full text: Uses VLMs for GUI testing but does not introduce explicit trust, HITL governance.",
PID-140,Leveraging LLMs for the Quality Assurance of Software Requirements,S. Lubos; A. Felfernig; T. N. T. Tran; D. Garber; M. El Mansi; S. P. Erdeniz; V. -M. Le,2024,https://ieeexplore.ieee.org/stamp/stamp.jsp?arnumber=10628462,IEEE,Ex- Phase 6,"Excluded based on full text: Requirements QA assistance with LLMs, lacking explicit trust factor and XAI",
PID-141,"Leveraging Machine Learning, Explainable AI, and Open-Source LLMs for Studentsâ€™ Placement Prediction",R. S. Kamath; P. G. Naik; S. S. Jamsandekar,2025,https://ieeexplore.ieee.org/stamp/stamp.jsp?arnumber=11199212,IEEE,Ex - Phase 3,ex based on title: irrelevant domain,
PID-142,Leveraging Sequential Deep Learning Models for Robust Compiler Bug Detection in Software Logs,S. Mishra; U. Tiwari; K. C. R.,2025,https://ieeexplore.ieee.org/stamp/stamp.jsp?arnumber=10914819,IEEE,Ex- Phase 6,"Excluded based on full text: Deep learning-based bug detection in logs, not a trust-aware or agentic testing pipeline.",
PID-143,"LLM for Test Script Generation and Migration: Challenges, Capabilities, and Opportunities",S. Yu; C. Fang; Y. Ling; C. Wu; Z. Chen,2023,https://ieeexplore.ieee.org/stamp/stamp.jsp?arnumber=10366647,IEEE,Ex- Phase 6,Excluded based on full text: Not covering orchestration and governance.,
PID-144,"LLM-Based Multi-Agent Systems for Software Engineering: Literature Review, Vision, and the Road Ahead","Junda He, Christoph Treude, David Lo",2024,https://arxiv.org/abs/2404.04834,arxiv,Ex- Phase  2,Duplicate record across databases,
PID-145,"LLM-Based Multi-Agent Systems for Software Engineering: Literature Review, Vision, and the Road Ahead","Junda He, Christoph Treude, David Lo",2025,https://dl.acm.org/doi/full/10.1145/3712003,ACM,Included - Final Corpus,Selected: discuss all RQs,
PID-146,Llm-Codeval: a Framework for Verifying Implementations of Mathematical Functions Using Language Models,F. Cunha; M. Perkusich; D. Albuquerque; K. GorgĂ´nio; A. Perkusich,2025,https://ieeexplore.ieee.org/stamp/stamp.jsp?arnumber=11197356,IEEE,Included - Final Corpus,Selected: discuss all RQs,
PID-147,LLM-Guided Crowdsourced Test Report Clustering,Y. Li; Y. Zhong; L. Yang; Y. Wang; P. Zhu,2025,https://ieeexplore.ieee.org/stamp/stamp.jsp?arnumber=10844085,IEEE,Ex- Phase 6,"Excluded based on full text: Uses LLMs to cluster test reports but does not define trust, HITL governance.",
PID-148,LUNA: A Model-Based Universal Analysis Framework for Large Language Models,D. Song; X. Xie; J. Song; D. Zhu; Y. Huang; F. Juefei-Xu; L. Ma,2024,https://ieeexplore.ieee.org/stamp/stamp.jsp?arnumber=10562221,IEEE,Ex- Phase 6,Excluded based on full text: Analyzes LLMs themselves rather than using LLM/agents to test software systems.,
PID-149,MA2DF: A Multi-Agent Anomaly Detection Framework,"Y Thounaojam, W Setiawan, A Narayan",2020,https://ieeexplore.ieee.org/abstract/document/9282846,IEEE conf,Included - Final Corpus,Selected: discuss all RQs,
PID-150,Machine Learning for Bacterial Growth Prediction and Examination of Bacterial Impact on Growth,V. Ince; M. Bader-El-Den; F. Arabikhan; O. F. Sari,2024,https://ieeexplore.ieee.org/stamp/stamp.jsp?arnumber=10705237,IEEE,Ex - Phase 3,ex based on title: irrelevant domain,
PID-151,MCMAS: an open-source model checker for the verification of multi-agent systems,"Lomuscio, Alessio; Qu, Hongyang; Raimondi, Franco; ",2017,,Springer,Excluded - Phase 1,Published before 2020,
PID-152,Medical software runtime checking using Petri-nets & software agents,N. Majma; S. M. Babamir,2014,https://ieeexplore.ieee.org/stamp/stamp.jsp?arnumber=6993410,IEEE,Excluded - Phase 1,Published before 2020,
PID-153,Methods and Software Implementation of Intelligent Planning for Integrated Expert System Design,G. V. RybinaY. M. Blokhin,2019,https://link.springer.com/article/10.3103/S0147688219060091,Springer,Excluded - Phase 1,Published before 2020,
PID-154,Mining Software Dependency Networks for Agent-Based Simulation of Software Evolution,V. Honsel; D. Honsel; S. Herbold; J. Grabowski; S. Waack,2015,https://ieeexplore.ieee.org/stamp/stamp.jsp?arnumber=7426646,IEEE,Excluded - Phase 1,Published before 2020,
PID-155,MLOps meets Edge Computing: an Edge Platform with Embedded Intelligence towards 6G Systems,N. Psaromanolakis; V. Theodorou; D. Laskaratos; I. Kalogeropoulos; M. -E. Vlontzou; E. Zarogianni; G. Samaras,2023,https://ieeexplore.ieee.org/stamp/stamp.jsp?arnumber=10188244,IEEE,Ex - Phase 3,ex based on title: irrelevant domain,
PID-156,Model based approach to detect emergent behavior in multi-agent systems,"Mohammad Moshirpour, Nariman Mani, Armin Eberlein, Behrouz Far",2013,https://dl.acm.org/doi/10.5555/2484920.2485185,ACM,Excluded - Phase 1,Published before 2020,
PID-157,"Multi-Agent LLM Collaboration for Adaptive Code Review, Debugging, and Security Analysis","T Sharanarthi, S Polineni",2025,https://ieeexplore.ieee.org/abstract/document/11135756,IEEE conf,Included - Final Corpus,Selected: discuss all RQs,
PID-158,Multi-agent oriented programming with JaCaMo,"Boissier, Olivier; Bordini, Rafael H; Hübner, Jomi F; Ricci, Alessandro; Santi, Andrea; ",2013,,Elsevier,Excluded - Phase 1,Published before 2020,
PID-159,Multi-agent reinforcement learning in sequential social dilemmas,"Leibo, Joel Z; Zambaldi, Vinicius; Lanctot, Marc; Marecki, Janusz; Graepel, Thore; ",2017,,arxiv,Excluded - Phase 1,Published before 2020,
PID-160,Multi-agent systems: A survey,"Dorri, Ali; Kanhere, Salil S; Jurdak, Raja; ",2018,,IEEE,Excluded - Phase 1,Published before 2020,
PID-161,Mutation-Based White Box Testing of Deep Neural Networks,G. Ă‡etiner; U. Yayan; A. Yazici,2024,https://ieeexplore.ieee.org/stamp/stamp.jsp?arnumber=10720015,IEEE,Ex- Phase 6,"Excluded based on full text: Mutation testing of DNN models, not software or agentic testing across the SE lifecycle.",
PID-162,"Navigating MLOps: Insights into Maturity, Lifecycle, Tools, and Careers",J. Stone; R. Patel; F. Ghiasi; S. Mittal; S. Rahimi,2025,https://ieeexplore.ieee.org/stamp/stamp.jsp?arnumber=11050687,IEEE,Ex - Phase 4,Excluded based on abstract: irrelevant too generic,
PID-163,Neuromorphic-Enhanced Smart ECG Reconstruction with Explainable AI for Green Healthcare Systems,A. Sungheetha; R. R. Sharma; S. Mahapatra; R. Tamilarasi; A. E. Sam Leni,2025,https://ieeexplore.ieee.org/stamp/stamp.jsp?arnumber=11005129,IEEE,Ex - Phase 3,ex based on title: irrelevant domain,
PID-164,New Approach of Designing and Developing Multi-Agent Systems,"Mohamed Kouissi, El Mokhtar En-Naimi, Abdelhamid Zouhair, Mohammed Al Achhab",2018,https://dl.acm.org/doi/10.1145/3286606.3286849,ACM,Excluded - Phase 1,Published before 2020,
PID-165,"Online Safety Analysis for LLMs: a Benchmark, an Assessment, and a Path Forward",X. Xie; J. Song; Z. Zhou; Y. Huang; D. Song; L. Ma,2025,https://ieeexplore.ieee.org/stamp/stamp.jsp?arnumber=11145129,IEEE,Ex- Phase 6,Excluded based on full text: Benchmarks safety of LLMs themselves rather than trust in software testing workflows.,
PID-166,Optimizing Multi-Agent System Swarm Performance through Explainable AI,Shekhar Mahmud; Mustafa Kutlu; Alper Turan Alan,2025,https://ieeexplore.ieee.org/abstract/document/10976319,IEEE conf,Included - Final Corpus,Selected: discuss all RQs,
PID-167,Practitionersâ€™ Perceptions of the Goals and Visual Explanations of Defect Prediction Models,J. Jiarpakdee; C. K. Tantithamthavorn; J. Grundy,2021,https://arxiv.org/abs/2102.12007,arxiv,Ex- Phase  2,Duplicate record across databases,
PID-168,Orchestration framework for automated Ajax-based web application testing,H. H. Deyab; R. Binti Atan,2015,https://ieeexplore.ieee.org/stamp/stamp.jsp?arnumber=7475186,IEEE,Excluded - Phase 1,Published before 2020,
PID-169,"PARMA: a Platform Architecture to enable Automated, Reproducible, and Multi-party Assessments of AI Trustworthiness",M. Pintz; D. Becker; M. Mock,2024,https://ieeexplore.ieee.org/stamp/stamp.jsp?arnumber=10669860,IEEE,Ex- Phase  2,Duplicate record across databases,
PID-170,"PARMA: a Platform Architecture to enable Automated, Reproducible, and Multi-party Assessments of AI Trustworthiness",M. Pintz; D. Becker; M. Mock,2024,https://dl.acm.org/doi/10.1145/3643691.3648585,ACM,Included - Final Corpus,Covers all RQs,
PID-171,Pitfalls of Generic Large Language Models (GLLMs) from reliability and security perspectives,D. Dasgupta; A. Roy,2024,https://ieeexplore.ieee.org/stamp/stamp.jsp?arnumber=10835578,IEEE,Ex - Phase 4,Excluded based on abstract: lacks specific requirements ,
PID-172,Practitionersâ€™ Perceptions of the Goals and Visual Explanations of Defect Prediction Models,J. Jiarpakdee; C. K. Tantithamthavorn; J. Grundy,2021,https://ieeexplore.ieee.org/stamp/stamp.jsp?arnumber=9463073,IEEE,Ex- Phase 6,"Excluded based on full text: Focuses on interpretability of prediction models, not on trust-aware or agentic testing architectures.",
PID-173,Predicting Defective Lines Using a Model-Agnostic Technique,S. Wattanakriengkrai; P. Thongtanunam; C. Tantithamthavorn; H. Hata; K. Matsumoto,2022,https://ieeexplore.ieee.org/stamp/stamp.jsp?arnumber=9193975,IEEE,Ex - Phase 4,Excluded based on abstract: lacks specific requirements ,
PID-174,Prioritization of Test Cases Using Software Agents and Fuzzy Logic,C. Malz; N. Jazdi; P. Gohner,2012,https://ieeexplore.ieee.org/stamp/stamp.jsp?arnumber=6200143,IEEE,Excluded - Phase 1,Published before 2020,
PID-175,Process Quality Assurance of Artificial Intelligence in Medical Diagnosis,N. Moghadasi; M. Piran; R. S. Valdez; S. Baek; N. Moghaddasi; T. L. Polmateer; J. H. Lambert,2024,https://ieeexplore.ieee.org/stamp/stamp.jsp?arnumber=10620154,IEEE,Ex - Phase 3,ex based on title: irrelevant domain,
PID-176,PyExplainer: Explaining the Predictions of Just-In-Time Defect Models,C. Pornprasit; C. Tantithamthavorn; J. Jiarpakdee; M. Fu; P. Thongtanunam,2021,https://ieeexplore.ieee.org/stamp/stamp.jsp?arnumber=9678763,IEEE,Ex - Phase 3,ex based on title: irrelevant domain,
PID-177,Quality Assurance for ML Devices A Risk-Based Approach,G. A. Dominguez; K. Kawaai; H. Maruyama,2023,https://ieeexplore.ieee.org/stamp/stamp.jsp?arnumber=10479436,IEEE,Ex - Phase 3,ex based on title: irrelevant domain,
PID-178,Quality assurance strategies for machine learning applications in big data analytics an overview,"M Ogrizovi?, D Draškovi?, D Boji?",2025,https://link.springer.com/article/10.1186/s40537-024-01028-y,Springer,Included - Final Corpus,Selected: discuss all RQs,
PID-179,Qunomon: A FAIR testbed of quality evaluation for machine learning models,K. Narita; M. Akita; K. -S. Kim; Y. Iwase; Y. Watanaka; T. Nakagawa; Q. Zhong,2021,https://ieeexplore.ieee.org/stamp/stamp.jsp?arnumber=9719933,IEEE,Ex - Phase 3,ex based on title: irrelevant domain,
PID-180,Reach â€” A Chat Application,R. PL; G. H; S. P. M K; A. M,2024,https://ieeexplore.ieee.org/stamp/stamp.jsp?arnumber=10716916,IEEE,Ex - Phase 3,ex based on title: irrelevant domain,
PID-181,Real-Time Adaptive Code Analysis with a Self-Learning Multi-Agent Framework: A Retrieval-Augmented Reinforcement Learning Approach,"T Sharanarthi, S Polineni",2025,https://ieeexplore.ieee.org/abstract/document/11189485,IEEE conf,Included - Final Corpus,Selected: discuss all RQs,
PID-182,Requirements-based Explainability for Multi-Agent Systems,"S Rodriguez, J Thangarajah, M Winikoff",2025,https://dl.acm.org/doi/10.5555/3709347.3743992,ACM,Included - Final Corpus,Selected: discuss all RQs,
PID-183,Requirements-based Explainability for Multi-Agent Systems,"S Rodriguez, J Thangarajah, M Winikoff",2025,https://link.springer.com/chapter/10.1007/978-981-95-4969-6_19,Springer,Ex- Phase  2,Duplicate record across databases,
PID-184,Research on Mixed Transaction Analytical Data Management Oriented to Data Middle Platform,A. -H. Zhou; L. -P. Zhu; M. -H. Xu; S. Pan; J. -F. Qiao; H. -B. Qiu; S. Deng,2021,https://ieeexplore.ieee.org/stamp/stamp.jsp?arnumber=9687022,IEEE,Ex - Phase 3,ex based on title: irrelevant domain,
PID-185,Revitalizing Digitized Historical Collections: AI-Driven Quality Control with Locally Trained Computational Models,V. W. -Y. Lum; S. S. Chung,2025,https://ieeexplore.ieee.org/stamp/stamp.jsp?arnumber=11108755,IEEE,Ex - Phase 3,ex based on title: irrelevant domain,
PID-186,Risk Management in Robotic Process Automation,D. K. Yendluri; R. Thatikonda; R. Thatikonda; J. Ponnala; M. Kempanna; A. Bhuvanesh,2024,https://ieeexplore.ieee.org/stamp/stamp.jsp?arnumber=10503443,IEEE,Ex - Phase 3,ex based on title: irrelevant domain,
PID-187,Sampled-data leader-following consensus of nonlinear multi-agent systems subject to impulsive perturbations,"Wencheng Zou, Chao Zhou, Zhengrong Xiang",2019,https://www.sciencedirect.com/science/article/pii/S1007570419302060,Science Direct,Excluded - Phase 1,Published before 2020,
PID-188,"Search-based software engineering: Trends, techniques and applications","Harman, Mark; Mansouri, S Afshin; Zhang, Yuanyuan; ",2012,,"ACM New York, NY, USA",Excluded - Phase 1,Published before 2020,
PID-189,Security Testing for Multi-Agent Systems,Damas P. GruskaM. Carmen Ruiz,2019,https://link.springer.com/chapter/10.1007/978-3-030-20521-8_58,Springer,Excluded - Phase 1,Published before 2020,
PID-190,Seeing is Believing: Vision-driven Non-crash Functional Bug Detection for Mobile Apps,Z. Liu; C. Li; C. Chen; J. Wang; M. Chen; B. Wu; Y. Wang; J. Hu; Q. Wang,2025,https://ieeexplore.ieee.org/stamp/stamp.jsp?arnumber=11181197,IEEE,Ex - Phase 4,"Excluded based on abstract: not focusing on XAI, MAS",
PID-191,Self-organizing multi-agent systems for the control of complex systems,"Jérémy Boes
Frédéric Migeon",2017,https://www.sciencedirect.com/science/article/pii/S0164121217301838,Science Direct,Excluded - Phase 1,Published before 2020,
PID-192,Sensitive Region-Based Metamorphic Testing Framework using Explainable AI,Y. Torikoshi; Y. Nishi; J. Takahashi,2023,https://ieeexplore.ieee.org/stamp/stamp.jsp?arnumber=10190404,IEEE,Ex- Phase 6,"Excluded based on full text: Metamorphic testing of ML models using XAI, lack of agentic testing",
PID-193,Software Engineering for AI-Based Systems: A Survey,"Silverio Martínez-Fernández, Justus Bogner, Xavier Franch, Marc Oriol, Julien Siebert, Adam Trendowicz, Anna Maria Vollmer, Stefan Wagner",2022,https://dl.acm.org/doi/full/10.1145/3487043,Acm,Included - Final Corpus,Selected: discuss all RQs,
PID-194,Software Engineering for AI-Based Systems: A Survey,"Silverio Martínez-Fernández, Justus Bogner, Xavier Franch, Marc Oriol, Julien Siebert, Adam Trendowicz, Anna Maria Vollmer, Stefan Wagner",2021,https://arxiv.org/abs/2105.01984,arxiv,Ex- Phase  2,Duplicate record across databases,
PID-195,Software Fault Diagnosing System Based on Multi-agent,G. Chen; G. Wang,2012,https://ieeexplore.ieee.org/stamp/stamp.jsp?arnumber=6449546,IEEE,Excluded - Phase 1,Published before 2020,
PID-196,SQAPlanner: Generating Data-Informed Software Quality Improvement Plans,D. Rajapaksha; C. Tantithamthavorn; J. Jiarpakdee; C. Bergmeir; J. Grundy; W. Buntine,2022,https://ieeexplore.ieee.org/stamp/stamp.jsp?arnumber=9394771,IEEE,Ex- Phase 6,"Excluded based on full text: Lacks specific trust, governance.",
PID-197,Standardized AI-Driven UAV Water Rescue System for Safe and Reliable Autonomous Operations,U. -K. Hsu; Y. Ye; S. -Y. Hsu; C. -H. Ku,2025,https://ieeexplore.ieee.org/stamp/stamp.jsp?arnumber=11050483,IEEE,Ex - Phase 3,ex based on title: irrelevant domain,
PID-198,Static Analysis and LLM for Comprehensive Java Unit Test Generation,W. Wei,2025,https://ieeexplore.ieee.org/stamp/stamp.jsp?arnumber=11042526,IEEE,Ex - Phase 4,"Excluded based on abstract: not discussing XAI, HITL",
PID-199,Symbolic execution for software testing: three decades later,"Cadar, Cristian; Sen, Koushik; ",2013,,"ACM New York, NY, USA",Excluded - Phase 1,Published before 2020,
PID-200,Test Agents: The Next Generation of Test Cases,E. Enoiu; M. Frasheri,2019,https://ieeexplore.ieee.org/stamp/stamp.jsp?arnumber=8728945,IEEE,Excluded - Phase 1,Published before 2020,
PID-201,Test-driven agent-oriented software development,M. Merdan; P. Vrba; M. Melik-Merkumians,2012,https://ieeexplore.ieee.org/stamp/stamp.jsp?arnumber=6489638,IEEE,Excluded - Phase 1,Published before 2020,
PID-202,Testing of autonomous agents: A critical analysis,S. Ur Rehman; A. Nadeem,2013,https://ieeexplore.ieee.org/stamp/stamp.jsp?arnumber=6550990,IEEE,Excluded - Phase 1,Published before 2020,
PID-203,The Future of AI-Driven Software Engineering,"Valerio Terragni, Annie Vella, Partha Roop, Kelly Blincoe",2025,https://dl.acm.org/doi/full/10.1145/3715003,ACM,Included - Final Corpus,Selected: discuss all RQs,
PID-203,The Future of AI-Driven Software Engineering,"Valerio Terragni, Annie Vella, Partha Roop, Kelly Blincoe",2024,https://arxiv.org/abs/2406.07737,arxiv,Ex - Phase 2,Duplicate record across databases,
PID-205,The oracle problem in software testing: A survey,"Barr, Earl T; Harman, Mark; McMinn, Phil; Shahbaz, Muzammil; Yoo, Shin; ",2014,,IEEE,Excluded - Phase 1,Published before 2020,
PID-206,Toward an Embedded Multi-agent System Methodology and Positioning on Testing,C. Barnier; O. -E. -K. Aktouf; A. Mercier; J. -P. Jamont,2017,https://ieeexplore.ieee.org/stamp/stamp.jsp?arnumber=8109290,IEEE,Excluded - Phase 1,Published before 2020,
PID-207,Toward Data Systems That Are Business Semantic Centric and AI Agents Assisted,C. Pang,2025,https://ieeexplore.ieee.org/stamp/stamp.jsp?arnumber=11050404,IEEE,Ex - Phase 4,Excluded based on abstract: Focuses on business semantic and not discussing HITL,
PID-208,Toward Testing Self-organizations in Multi-Embedded-Agent Systems,Arthur BaudetOum-El-Kheir AktoufAnnabelle MercierJean-Paul Jamont,2019,https://link.springer.com/chapter/10.1007/978-3-030-30856-8_7,,Excluded - Phase 1,Published before 2020,
PID-209,Towards smart factory for industry 4.0: a self-organized multi-agent system with big data based feedback and coordination,"Wang, Shiyong; Wan, Jiafu; Zhang, Daqiang; Li, Di; Zhang, Chunhua; ",2016,,Elsevier,Excluded - Phase 1,Published before 2020,
PID-210,Toxicity testing in the 21st century: progress in the past decade and future perspectives,D. KrewskiM. E. AndersenM. G. TyshenkoK. KrishnanT. HartungK. BoekelheideJ. F. WambaughD. JonesM. WhelanR. ThomasC. YaukT. Barton-MaclarenI. Cote,2019,https://link.springer.com/article/10.1007/s00204-019-02613-4,,Excluded - Phase 1,Published before 2020,
PID-211,Human-in-the-Loop Hybrid Neuro-Symbolic AI Model for Reliable Data Engineering in High-Stakes Industrial Systems,Manikandan Krishnan; Avinash Reddy Aitha; Keerthi Amistapuram; Botlagunta Preethish Nandan; Pallav Kumar Kaulwar; Jeevani Singireddy,2025,https://ieeexplore.ieee.org/document/11448516,IEEE,Ex - Phase 3,Excluded based on title: Just focuse on HITL rather than Agentic Systems or LLMs).,
,,,,,,,,
,,,,,,,,
,,,,,,,,
,,,,,,,,
,,,,,,,,
,,,,,,,,
,,,,,,,,
,,,,,,,,
,,,,,,,,
